{"cameraMode":{"drawMode":0,"name":"Shaded","section":"Shading Mode"},"sceneLighting":false,"audioPlay":false,"sceneViewState":{"showFog":true,"showMaterialUpdate":true,"showSkybox":true,"showFlares":true,"showImageEffects":true,"showParticleSystems":true},"in2DMode":false,"pivot":{"x":5.960464477539063e-8,"y":0.0,"z":-1.1920928955078126e-7},"rotation":{"x":-0.20331734418869019,"y":0.29348161816596987,"z":-0.0640312060713768,"w":-0.9318962693214417},"size":4.041658401489258,"orthographic":false}