{"cameraMode":{"drawMode":0,"name":"Shaded","section":"Shading Mode"},"sceneLighting":true,"audioPlay":false,"sceneViewState":{"showFog":true,"showMaterialUpdate":true,"showSkybox":true,"showFlares":true,"showImageEffects":true,"showParticleSystems":true},"in2DMode":false,"pivot":{"x":17.299999237060548,"y":2.069999933242798,"z":28.3799991607666},"rotation":{"x":0.928846001625061,"y":0.0016666511073708535,"z":-0.004174582194536924,"w":0.37043890357017519},"size":12.808316230773926,"orthographic":false}